arm,pid,day,psa,abi
Adaptive,P1001,0,6.06,1
Adaptive,P1001,27,0.03,0
Adaptive,P1001,55,0.1,0
Adaptive,P1001,82,1.17,0
Adaptive,P1001,110,3.16,0
Adaptive,P1001,137,10.88,1
Adaptive,P1001,165,0.09,0
Adaptive,P1001,199,5.08,0
Adaptive,P1001,228,5.86,0
Adaptive,P1001,255,22.89,1
Adaptive,P1001,288,0.46,0
Adaptive,P1001,317,13.62,1
Adaptive,P1001,344,0.35,0
Adaptive,P1001,374,17.1,1
Adaptive,P1001,406,0.49,1
Adaptive,P1001,434,0.33,1
Adaptive,P1001,465,0.25,0
Adaptive,P1001,495,4.91,0
Adaptive,P1001,524,12.36,1
Adaptive,P1001,551,1.01,1
Adaptive,P1001,579,0.82,1
Adaptive,P1001,609,1.05,1
Adaptive,P1001,636,1.08,1
Adaptive,P1001,665,0.99,0
Adaptive,P1001,690,9.35,1
Adaptive,P1001,728,2.39,1
Adaptive,P1001,762,3.09,1
Adaptive,P1001,794,4,1
Adaptive,P1001,824,4.84,1
Adaptive,P1001,851,3.65,1
Adaptive,P1001,879,5.31,1
Adaptive,P1001,916,7.2,1
Adaptive,P1002,0,58.57,1
Adaptive,P1002,64,8.98,0
Adaptive,P1002,92,21.39,0
Adaptive,P1002,119,46.45,0
Adaptive,P1002,146,77.37,1
Adaptive,P1002,174,39.08,1
Adaptive,P1002,202,54.97,1
Adaptive,P1002,234,12.62,0
Adaptive,P1002,266,51.1,0
Adaptive,P1002,293,87.6,1
Adaptive,P1002,321,25.69,0
Adaptive,P1002,350,74.8,1
Adaptive,P1003,0,23.1,1
Adaptive,P1003,27,7.8,1
Adaptive,P1003,61,4.2,1
Adaptive,P1003,90,3,1
Adaptive,P1003,120,1.6,1
Adaptive,P1003,158,1.3,1
Adaptive,P1003,194,1,1
Adaptive,P1003,235,0.7,1
Adaptive,P1003,281,0.57,0
Adaptive,P1003,322,0.55,0
Adaptive,P1003,349,0.92,0
Adaptive,P1003,380,0.94,0
Adaptive,P1003,411,1,0
Adaptive,P1003,438,1.34,0
Adaptive,P1003,474,2.53,0
Adaptive,P1003,501,4.99,0
Adaptive,P1003,537,12.16,0
Adaptive,P1003,556,17.43,0
Adaptive,P1003,583,24.67,0
Adaptive,P1003,611,34.88,0
Adaptive,P1003,649,47.66,0
Adaptive,P1003,677,53.36,1
Adaptive,P1003,707,44.28,1
Adaptive,P1003,734,13.85,1
Adaptive,P1003,779,2.08,1
Adaptive,P1003,841,0.95,0
Adaptive,P1003,868,1.71,0
Adaptive,P1003,897,3.51,0
Adaptive,P1003,926,5,0
Adaptive,P1003,949,5.06,0
Adaptive,P1003,980,7.04,1
Adaptive,P1003,1049,1.25,0
Adaptive,P1003,1102,3.16,0
Adaptive,P1003,1131,4.33,0
Adaptive,P1003,1166,5.06,1
Adaptive,P1003,1198,2.38,1
Adaptive,P1003,1231,3.23,1
Adaptive,P1003,1264,3.58,1
Adaptive,P1003,1287,3.87,1
Adaptive,P1003,1319,4.4,1
Adaptive,P1003,1346,6.21,1
Adaptive,P1003,1373,7.14,1
Adaptive,P1003,1402,6.77,1
Adaptive,P1003,1442,6.34,1
Adaptive,P1003,1480,6.96,1
Adaptive,P1003,1521,7.8,1
Adaptive,P1003,1562,6.99,1
Adaptive,P1004,0,0.16,0
Adaptive,P1004,91,0.34,0
Adaptive,P1004,107,0.41,0
Adaptive,P1004,129,0.5,0
Adaptive,P1004,180,0.38,0
Adaptive,P1004,214,0.59,0
Adaptive,P1004,240,0.84,0
Adaptive,P1004,262,1.1,0
Adaptive,P1004,312,1.64,1
Adaptive,P1004,347,0.47,1
Adaptive,P1004,374,0.24,0
Adaptive,P1004,411,0.33,0
Adaptive,P1004,453,0.96,0
Adaptive,P1004,480,0.59,0
Adaptive,P1004,508,0.37,0
Adaptive,P1004,536,0.57,0
Adaptive,P1004,562,0.9,0
Adaptive,P1004,591,1.53,0
Adaptive,P1004,618,2.25,1
Adaptive,P1004,643,3.47,1
Adaptive,P1005,0,20.52,0
Adaptive,P1005,106,95.86,1
Adaptive,P1005,154,61.63,1
Adaptive,P1005,197,51.92,1
Adaptive,P1005,266,26.2,1
Adaptive,P1005,312,25.14,1
Adaptive,P1005,355,18.63,1
Adaptive,P1005,357,18.55,0
Adaptive,P1005,383,33.59,0
Adaptive,P1005,411,64.36,0
Adaptive,P1005,439,116,0
Adaptive,P1005,465,141.1,1
Adaptive,P1005,492,141,1
Adaptive,P1005,522,132.8,1
Adaptive,P1005,550,79.68,1
Adaptive,P1005,577,107.2,1
Adaptive,P1005,607,83.46,1
Adaptive,P1005,639,75.14,1
Adaptive,P1005,667,75.11,1
Adaptive,P1005,693,89.28,1
Adaptive,P1005,720,75.83,1
Adaptive,P1005,748,87.07,1
Adaptive,P1005,775,98.43,1
Adaptive,P1005,803,112,1
Adaptive,P1005,830,127.3,1
Adaptive,P1005,864,180.4,1
Adaptive,P1005,901,213,1
Adaptive,P1005,928,187.5,1
Adaptive,P1005,963,136.8,1
Adaptive,P1005,997,117.1,1
Adaptive,P1005,1025,96.82,1
Adaptive,P1005,1059,79.42,1
Adaptive,P1005,1094,67.65,1
Adaptive,P1005,1122,69.62,1
Adaptive,P1005,1152,81.09,1
Adaptive,P1005,1186,76.04,1
Adaptive,P1005,1217,66.11,1
Adaptive,P1005,1250,66.88,1
Adaptive,P1006,0,7.33,0
Adaptive,P1006,109,13.38,0
Adaptive,P1006,134,15.25,1
Adaptive,P1006,175,0.55,0
Adaptive,P1006,202,0.75,0
Adaptive,P1006,230,2.12,0
Adaptive,P1006,257,5.2,0
Adaptive,P1006,284,9.43,0
Adaptive,P1006,320,15.92,1
Adaptive,P1006,347,1.34,0
Adaptive,P1006,375,3.88,0
Adaptive,P1006,406,6.7,0
Adaptive,P1006,444,14.7,0
Adaptive,P1006,478,13,0
Adaptive,P1006,505,12.9,0
Adaptive,P1006,541,16.4,1
Adaptive,P1006,575,1.4,0
Adaptive,P1006,610,5.7,0
Adaptive,P1006,638,13.3,0
Adaptive,P1006,670,22.2,1
Adaptive,P1006,707,2.3,0
Adaptive,P1006,736,6.2,0
Adaptive,P1006,768,16.4,1
Adaptive,P1006,796,3.3,0
Adaptive,P1006,824,11.5,0
Adaptive,P1006,852,20.1,1
Adaptive,P1006,892,3.4,0
Adaptive,P1006,922,13.6,0
Adaptive,P1006,951,36.3,1
Adaptive,P1006,988,5.4,0
Adaptive,P1006,1025,21.6,1
Adaptive,P1006,1055,9.5,1
Adaptive,P1006,1089,6.8,0
Adaptive,P1006,1130,52.5,1
Adaptive,P1006,1173,12.5,1
Adaptive,P1006,1205,8.1,1
Adaptive,P1006,1245,8.8,1
Adaptive,P1006,1282,10.6,1
Adaptive,P1006,1327,13.3,1
Adaptive,P1006,1368,15.9,1
Adaptive,P1006,1419,17.7,1
Adaptive,P1007,0,21.33,0
Adaptive,P1007,89,39.1,0
Adaptive,P1007,116,67.12,0
Adaptive,P1007,150,109.4,1
Adaptive,P1007,187,24.54,1
Adaptive,P1007,427,1.8,0
Adaptive,P1007,463,0.9,0
Adaptive,P1007,487,1.67,0
Adaptive,P1007,510,1.85,0
Adaptive,P1007,536,1.82,0
Adaptive,P1007,566,2.6,0
Adaptive,P1007,594,3.04,0
Adaptive,P1007,628,5.3,0
Adaptive,P1007,660,7.32,0
Adaptive,P1007,694,4.48,0
Adaptive,P1007,720,9.35,0
Adaptive,P1007,748,14.02,0
Adaptive,P1007,779,21.19,0
Adaptive,P1007,807,22.76,0
Adaptive,P1007,839,31,0
Adaptive,P1007,873,37.04,0
Adaptive,P1007,916,37.62,0
Adaptive,P1007,945,67.09,0
Adaptive,P1007,972,52.83,1
Adaptive,P1007,998,116.4,1
Adaptive,P1009,0,1.24,0
Adaptive,P1009,41,4.13,0
Adaptive,P1009,52,2.68,0
Adaptive,P1009,68,4.88,0
Adaptive,P1009,187,6.31,0
Adaptive,P1009,235,8.51,0
Adaptive,P1009,256,13.55,1
Adaptive,P1009,283,12.22,1
Adaptive,P1009,325,9.46,1
Adaptive,P1009,365,8.4,1
Adaptive,P1009,393,7.6,1
Adaptive,P1009,421,7.1,1
Adaptive,P1009,452,6.07,1
Adaptive,P1009,480,4.87,0
Adaptive,P1009,510,6.88,0
Adaptive,P1009,537,7.3,0
Adaptive,P1009,566,8.25,0
Adaptive,P1009,593,10.11,0
Adaptive,P1009,626,12.76,0
Adaptive,P1009,655,13.21,0
Adaptive,P1009,693,20.98,1
Adaptive,P1009,744,17.61,1
Adaptive,P1010,0,10.84,0
Adaptive,P1010,21,17.33,1
Adaptive,P1010,50,5.56,0
Adaptive,P1010,77,12.86,0
Adaptive,P1010,105,14.22,0
Adaptive,P1010,132,12.85,0
Adaptive,P1010,160,7.96,0
Adaptive,P1010,194,9.93,0
Adaptive,P1010,228,21.48,1
Adaptive,P1010,256,14.77,1
Adaptive,P1010,283,17.9,1
Adaptive,P1010,315,26.04,1
Adaptive,P1010,342,36.93,1
Adaptive,P1011,0,2.42,1
Adaptive,P1011,26,0.3,1
Adaptive,P1011,52,0.12,1
Adaptive,P1011,86,0.1,1
Adaptive,P1011,114,0.09,1
Adaptive,P1011,147,0.09,0
Adaptive,P1011,174,0.26,0
Adaptive,P1011,203,0.63,0
Adaptive,P1011,217,0.93,0
Adaptive,P1011,230,1.11,0
Adaptive,P1011,258,1.75,0
Adaptive,P1011,285,2.76,1
Adaptive,P1011,313,0.27,1
Adaptive,P1011,342,0.21,1
Adaptive,P1011,371,0.22,0
Adaptive,P1011,396,0.63,0
Adaptive,P1011,433,1.6,0
Adaptive,P1011,460,2.17,0
Adaptive,P1011,486,3.45,1
Adaptive,P1011,520,0.44,1
Adaptive,P1011,554,0.46,0
Adaptive,P1011,582,1.36,0
Adaptive,P1011,616,3.45,1
Adaptive,P1011,638,0.97,1
Adaptive,P1011,670,0.91,1
Adaptive,P1011,700,1.03,0
Adaptive,P1011,731,1.23,0
Adaptive,P1011,762,1.52,0
Adaptive,P1011,800,2.45,1
Adaptive,P1011,879,1.56,1
Adaptive,P1011,961,0.55,0
Adaptive,P1011,1023,0.75,0
Adaptive,P1011,1059,0.84,0
Adaptive,P1011,1107,0.88,0
Adaptive,P1011,1155,1.02,0
Adaptive,P1011,1190,1.75,0
Adaptive,P1011,1231,3.14,1
Adaptive,P1011,1280,0.11,0
Adaptive,P1011,1341,1.21,0
Adaptive,P1011,1388,4.44,1
Adaptive,P1011,1445,0.33,0
Adaptive,P1011,1514,6.16,1
Adaptive,P1011,1566,1.28,1
Adaptive,P1011,1591,2.1,0
Adaptive,P1012,0,2.86,0
Adaptive,P1012,38,3.22,0
Adaptive,P1012,82,4.17,1
Adaptive,P1012,124,0.86,0
Adaptive,P1012,166,1.4,0
Adaptive,P1012,200,2.58,0
Adaptive,P1012,228,2.53,0
Adaptive,P1012,255,3.44,0
Adaptive,P1012,282,3.94,0
Adaptive,P1012,314,4.54,1
Adaptive,P1012,344,1.28,0
Adaptive,P1012,372,1.03,0
Adaptive,P1012,403,2.11,0
Adaptive,P1012,430,2.63,0
Adaptive,P1012,463,3.08,0
Adaptive,P1012,497,4.7,1
Adaptive,P1012,525,0.62,0
Adaptive,P1012,552,1.82,0
Adaptive,P1012,594,3.82,0
Adaptive,P1012,622,4.45,1
Adaptive,P1012,649,0.82,0
Adaptive,P1012,687,2.76,0
Adaptive,P1012,725,3.65,0
Adaptive,P1012,758,3.94,0
Adaptive,P1012,785,6.01,1
Adaptive,P1012,815,1.24,1
Adaptive,P1012,843,1.94,0
Adaptive,P1012,871,5.15,1
Adaptive,P1012,899,0.8,1
Adaptive,P1012,946,1.79,0
Adaptive,P1012,974,3.49,0
Adaptive,P1012,1007,5.17,1
Adaptive,P1012,1036,1.99,0
Adaptive,P1012,1077,4.82,1
Adaptive,P1012,1118,1.36,0
Adaptive,P1012,1158,4.12,0
Adaptive,P1012,1201,8.46,1
Adaptive,P1012,1243,1.12,0
Adaptive,P1012,1284,2.56,0
Adaptive,P1012,1326,5.11,1
Adaptive,P1012,1366,0.98,0
Adaptive,P1012,1449,3.99,0
Adaptive,P1012,1491,6.4,1
Adaptive,P1012,1533,1.56,0
Adaptive,P1012,1574,3.69,0
Adaptive,P1012,1622,5.54,1
Adaptive,P1012,1657,1.38,0
Adaptive,P1012,1701,4.42,0
Adaptive,P1014,0,6.83,0
Adaptive,P1014,41,9.2,0
Adaptive,P1014,75,11.83,1
Adaptive,P1014,118,5.02,1
Adaptive,P1014,158,4.87,1
Adaptive,P1014,189,5.1,1
Adaptive,P1014,247,2.86,1
Adaptive,P1014,275,2.04,0
Adaptive,P1014,302,2.29,0
Adaptive,P1014,338,3.44,0
Adaptive,P1014,361,3.47,0
Adaptive,P1014,393,5.52,0
Adaptive,P1014,422,6.83,0
Adaptive,P1014,459,10.62,0
Adaptive,P1014,507,21.2,1
Adaptive,P1014,534,9.75,1
Adaptive,P1014,562,9.64,1
Adaptive,P1014,603,8.52,1
Adaptive,P1014,637,7.61,1
Adaptive,P1014,678,7.43,1
Adaptive,P1014,715,5.95,1
Adaptive,P1014,742,6.8,1
Adaptive,P1014,770,5.64,1
Adaptive,P1014,797,7.06,0
Adaptive,P1014,825,7.55,0
Adaptive,P1014,866,12.89,0
Adaptive,P1014,907,12.6,1
Adaptive,P1014,948,11.32,1
Adaptive,P1014,986,11.45,1
Adaptive,P1014,1003,13,1
Adaptive,P1014,1030,12.85,1
Adaptive,P1014,1081,14.32,1
Adaptive,P1014,1122,14.31,1
Adaptive,P1014,1163,12.65,1
Adaptive,P1014,1204,14.52,1
Adaptive,P1014,1252,15.78,1
Adaptive,P1014,1293,19.21,1
Adaptive,P1014,1338,21.96,1
Adaptive,P1014,1376,22.42,1
Adaptive,P1014,1418,18.05,1
Adaptive,P1014,1459,13.78,1
Adaptive,P1014,1501,14.5,1
Adaptive,P1014,1549,22.02,1
Adaptive,P1014,1583,24.91,1
Adaptive,P1015,0,2.86,0
Adaptive,P1015,31,2.71,0
Adaptive,P1015,46,3.63,0
Adaptive,P1015,115,7.25,1
Adaptive,P1015,147,3.94,1
Adaptive,P1015,175,0.88,1
Adaptive,P1015,205,0.37,1
Adaptive,P1015,227,0.25,0
Adaptive,P1015,255,1.25,0
Adaptive,P1015,283,4.4,0
Adaptive,P1015,314,14.74,1
Adaptive,P1015,341,2.43,1
Adaptive,P1015,369,1.68,1
Adaptive,P1015,397,1.42,1
Adaptive,P1015,424,1.33,1
Adaptive,P1015,452,1.41,1
Adaptive,P1015,475,1.62,0
Adaptive,P1015,507,6.14,0
Adaptive,P1015,527,9.5,1
Adaptive,P1015,558,4,1
Adaptive,P1015,585,5.02,1
Adaptive,P1015,613,4.77,1
Adaptive,P1015,646,5.65,1
Adaptive,P1015,688,8.06,1
Adaptive,P1015,728,8.89,1
Adaptive,P1015,779,14.01,1
Adaptive,P1016,0,15.47,0
Adaptive,P1016,15,18.94,0
Adaptive,P1016,61,34.02,1
Adaptive,P1016,89,4.49,1
Adaptive,P1016,121,1.37,1
Adaptive,P1016,146,1.1,0
Adaptive,P1016,180,1.17,0
Adaptive,P1016,213,2.54,0
Adaptive,P1016,241,3.68,0
Adaptive,P1016,277,4.38,0
Adaptive,P1016,304,6.71,0
Adaptive,P1016,332,9.18,0
Adaptive,P1016,359,13.24,0
Adaptive,P1016,394,16.88,0
Adaptive,P1016,427,23.36,1
Adaptive,P1016,456,4.89,1
Adaptive,P1016,486,3.85,1
Adaptive,P1016,513,2.23,1
Adaptive,P1016,541,2.13,0
Adaptive,P1016,568,3.91,0
Adaptive,P1016,608,8.06,0
Adaptive,P1016,637,10.97,0
Adaptive,P1016,678,19.44,1
Adaptive,P1016,718,8.21,1
Adaptive,P1016,754,5.9,1
Adaptive,P1016,795,6.44,0
Adaptive,P1016,837,17.63,0
Adaptive,P1016,879,34.1,1
Adaptive,P1016,920,19.91,1
Adaptive,P1016,968,22.63,1
Adaptive,P1016,1003,28.43,1
Adaptive,P1017,0,15.93,0
Adaptive,P1017,53,21.59,1
Adaptive,P1017,93,0.51,1
Adaptive,P1017,142,0.05,1
Adaptive,P1017,149,0.04,1
Adaptive,P1017,165,0.05,0
Adaptive,P1017,193,0.15,0
Adaptive,P1017,227,0.46,0
Adaptive,P1017,259,0.55,0
Adaptive,P1017,288,0.83,0
Adaptive,P1017,318,0.86,0
Adaptive,P1017,343,0.9,0
Adaptive,P1017,377,1,0
Adaptive,P1017,408,1.21,0
Adaptive,P1017,439,1.75,0
Adaptive,P1017,480,2.85,0
Adaptive,P1017,521,4.39,0
Adaptive,P1017,570,7.23,0
Adaptive,P1017,603,6.86,0
Adaptive,P1017,647,9.86,0
Adaptive,P1017,688,11.38,0
Adaptive,P1017,737,15.47,0
Adaptive,P1017,777,21.51,1
Adaptive,P1017,813,1.16,0
Adaptive,P1017,866,4.44,0
Adaptive,P1017,901,5.22,0
Adaptive,P1017,949,5.55,0
Adaptive,P1017,982,6.94,0
Adaptive,P1017,1038,8.25,0
Adaptive,P1017,1079,15.95,0
Adaptive,P1017,1122,19.1,0
Adaptive,P1018,0,27.97,0
Adaptive,P1018,14,36.54,1
Adaptive,P1018,34,37.9,1
Adaptive,P1018,85,7.78,0
Adaptive,P1018,117,12.95,0
Adaptive,P1018,137,19.24,0
Adaptive,P1018,178,43.08,1
Adaptive,P1018,208,21.82,1
Adaptive,P1018,242,24.18,1
Adaptive,P1018,270,28.56,1
Adaptive,P1018,310,44.47,1
Adaptive,P1018,352,58.52,1
Adaptive,P1020,0,0.84,0
Adaptive,P1020,31,1.31,0
Adaptive,P1020,38,1.46,1
Adaptive,P1020,85,0.61,1
Adaptive,P1020,112,0.47,1
Adaptive,P1020,174,0.26,0
Adaptive,P1020,187,0.28,0
Adaptive,P1020,228,0.46,0
Adaptive,P1020,273,0.91,0
Adaptive,P1020,315,0.21,0
Adaptive,P1020,360,1.38,0
Adaptive,P1020,401,1.82,1
Adaptive,P1020,442,0.8,1
Adaptive,P1020,483,1.15,1
Adaptive,P1020,518,1.08,1
Adaptive,P1020,565,1.56,1
Adaptive,P1020,614,2.45,1
Adaptive,P1020,649,2.75,1
SOC,C001,0,3.5,0
SOC,C001,43.88652476,3.4,0
SOC,C001,85.19148924,4.5,0
SOC,C001,120.042553,7,1
SOC,C001,148.4397161,6,1
SOC,C001,205.2340423,3,1
SOC,C001,296.8794322,3,1
SOC,C001,342.0567371,3.2,1
SOC,C001,384.6524817,3.5,1
SOC,C001,407.8865242,5,1
SOC,C002,0,99,1
SOC,C002,38.5,79,1
SOC,C002,64.625,52,1
SOC,C002,112.75,37,1
SOC,C002,154,30,1
SOC,C002,371.25,12.5,1
SOC,C002,420.75,13,1
SOC,C002,464.75,14.5,1
SOC,C002,504.625,15,1
SOC,C002,555.5,16,1
SOC,C002,719.125,29,1
SOC,C002,764.5,41,1
SOC,C003,0,0.7,0
SOC,C003,38.00769237,0.65,0
SOC,C003,101.3538463,1.1,0
SOC,C003,153.4384618,2.7,1
SOC,C003,205.5230773,1.2,1
SOC,C003,243.5307696,1,1
SOC,C003,285.7615389,1.2,1
SOC,C003,336.4384621,1.1,1
SOC,C003,378.6692314,1,1
SOC,C003,413.8615391,1.2,1
SOC,C003,450.4615392,1.7,1
SOC,C003,499.7307701,1.7,1
SOC,C003,582.7846163,1.6,1
SOC,C003,633.4615395,3.5,1
SOC,C004,0,10,0
SOC,C004,12.6041667,11,0
SOC,C004,55.45833348,10,0
SOC,C004,90.75000024,15,0
SOC,C004,132.3437504,95,1
SOC,C004,168.8958338,30,1
SOC,C004,209.2291672,45,1
SOC,C004,238.2187506,52,1
SOC,C004,262.1666674,95,1
SOC,C005,0,1,0
SOC,C005,47.16494843,3,0
SOC,C005,103.7628865,20,0
SOC,C005,113.1958762,28,0
SOC,C005,154.7010308,51,1
SOC,C005,160.3608246,32.5,1
SOC,C005,195.5773195,5,1
SOC,C005,230.7938143,8,1
SOC,C005,278.5876287,20,1
SOC,C005,303.1134019,30,1
SOC,C005,336.4432988,45,1
SOC,C005,367.2577317,93,1
SOC,C006,0,56,0
SOC,C006,21.0434782,70,0
SOC,C006,28.40869557,79,1
SOC,C006,69.44347806,16,1
SOC,C006,132.5739127,11,1
SOC,C006,223.0608689,8,1
SOC,C006,313.5478252,8,1
SOC,C006,404.0347814,12,1
SOC,C006,494.5217377,22,1
SOC,C006,521.8782594,29,1
SOC,C006,591.3217374,144,1
SOC,C007,0,2.2,0
SOC,C007,58.4042553,2.5,0
SOC,C007,101.2340425,3.9,0
SOC,C007,120.7021276,4.4,1
SOC,C007,155.7446808,0.9,1
SOC,C007,206.3617021,0.18,1
SOC,C007,247.8936169,0.12,1
SOC,C007,297.2127659,0.1,1
SOC,C007,338.7446807,0.25,1
SOC,C007,351.7234041,0.32,1
SOC,C007,381.574468,0.7,1
SOC,C007,423.1063828,1.35,1
SOC,C007,465.9361701,2.2,1
SOC,C007,494.4893615,2.3,1
SOC,C007,537.3191488,3.35,1
SOC,C008,0,23.5,1
SOC,C008,50.3092784,7,1
SOC,C008,93.07216504,3.25,1
SOC,C008,171.0515466,2,1
SOC,C008,220.103093,2.1,1
SOC,C008,275.4432992,2.1,1
SOC,C008,318.2061859,2.4,1
SOC,C008,360.9690725,2.5,1
SOC,C008,467.8762891,7,1
SOC,C009,0,13,0
SOC,C009,118.5981308,49,0
SOC,C009,139.6261682,62,0
SOC,C009,179.9999999,92,0
SOC,C009,206.0747663,75,0
SOC,C009,239.7196261,84,1
SOC,C009,278.4112148,38,1
SOC,C009,305.3271027,34,1
SOC,C009,327.1962615,30,1
SOC,C009,357.4766354,35,1
SOC,C009,400.3738316,40,1
SOC,C009,425.6074765,51,1
SOC,C010,0,1.25,0
SOC,C010,28.76288661,1.3,0
SOC,C010,56.59793817,1.5,0
SOC,C010,84.43298973,1.8,0
SOC,C010,197.6288661,4.5,1
SOC,C010,245.8762888,1.4,1
SOC,C010,292.2680414,1.3,1
SOC,C010,326.5979383,1.6,1
SOC,C010,355.3608249,1.75,1
SOC,C010,418.4536085,2.5,1
SOC,C010,443.5051549,2.75,1
SOC,C010,473.1958765,3,1
SOC,C011,0,1,0
SOC,C011,37.03488355,1.5,0
SOC,C011,121.686046,7.5,0
SOC,C011,165.0697667,17,0
SOC,C011,185.1744178,26,0
SOC,C011,199.9883712,30,0
SOC,C011,227.499999,40,0
SOC,C011,255.0116267,54,0
SOC,C011,275.1162778,57.5,1
SOC,C011,311.0930218,33,1
SOC,C011,331.1976729,18,1
SOC,C011,375.6395332,20,1
SOC,C012,0,1.4,0
SOC,C012,23.2627119,1.8,0
SOC,C012,43.42372888,2,0
SOC,C012,65.13559332,2.7,0
SOC,C012,103.9067798,2.75,0
SOC,C012,125.6186443,4,1
SOC,C012,162.8389833,0.5,1
SOC,C012,263.6440682,0.6,1
SOC,C012,310.169492,0.6,1
SOC,C012,376.8559328,0.75,1
SOC,C012,434.2372888,0.8,1
SOC,C012,494.7203397,1,1
SOC,C012,683.9237299,1.25,1
SOC,C012,722.6949164,1.6,1
SOC,C012,770.7711876,1.75,1
SOC,C012,820.3983063,2.2,1
SOC,C012,866.9237301,3,1
SOC,C013,0,52,0
SOC,C013,101.5813949,92.5,0
SOC,C013,134.3837203,105,1
SOC,C013,169.3023248,77.5,1
SOC,C013,193.639534,60,1
SOC,C013,261.3604639,7.5,1
SOC,C013,294.1627893,8,1
SOC,C013,385.1627889,23,1
SOC,C013,416.9069748,34,1
SOC,C013,470.8720909,60,1
SOC,C013,524.8372069,112.5,1
SOC,C014,0,0.5,0
SOC,C014,74.15686266,1.2,0
SOC,C014,155.4901959,3.8,0
SOC,C014,216.4901958,9.2,0
SOC,C014,224.8627448,12,0
SOC,C014,269.1176468,20,1
SOC,C014,297.8235291,8.2,1
SOC,C014,321.7450977,6,1
SOC,C014,393.5098035,4,1
SOC,C014,435.3725485,4.8,1
SOC,C014,479.6274504,4.5,1
SOC,C014,559.7647052,6,1
SOC,C014,623.156862,4.8,1
SOC,C014,715.2549011,17,1
SOC,C015,0,6.3,1
SOC,C015,32.94117647,5.5,1
SOC,C015,76.47058824,1.5,1
SOC,C015,125.8823529,6.4,1
